--
-- PostgreSQL database cluster dump
--

-- Started on 2019-06-28 21:15:21 UTC

SET default_transaction_read_only = off;

SET client_encoding = 'UTF8';
SET standard_conforming_strings = on;

--
-- Roles
--

--CREATE ROLE postgres;
ALTER ROLE postgres WITH SUPERUSER INHERIT CREATEROLE CREATEDB LOGIN REPLICATION BYPASSRLS PASSWORD 'md53175bce1d3201d16594cebf9d7eb3f9d';






\connect template1

--
-- PostgreSQL database dump
--

-- Dumped from database version 10.9 (Debian 10.9-1.pgdg90+1)
-- Dumped by pg_dump version 11.3

-- Started on 2019-06-28 21:15:21 UTC

SET statement_timeout = 0;
SET lock_timeout = 0;
SET idle_in_transaction_session_timeout = 0;
SET client_encoding = 'UTF8';
SET standard_conforming_strings = on;
SELECT pg_catalog.set_config('search_path', '', false);
SET check_function_bodies = false;
SET xmloption = content;
SET client_min_messages = warning;
SET row_security = off;

-- Completed on 2019-06-28 21:15:21 UTC

--
-- PostgreSQL database dump complete
--

--
-- PostgreSQL database dump
--

-- Dumped from database version 10.9 (Debian 10.9-1.pgdg90+1)
-- Dumped by pg_dump version 11.3

-- Started on 2019-06-28 21:15:21 UTC

SET statement_timeout = 0;
SET lock_timeout = 0;
SET idle_in_transaction_session_timeout = 0;
SET client_encoding = 'UTF8';
SET standard_conforming_strings = on;
SELECT pg_catalog.set_config('search_path', '', false);
SET check_function_bodies = false;
SET xmloption = content;
SET client_min_messages = warning;
SET row_security = off;

--
-- TOC entry 2899 (class 1262 OID 16384)
-- Name: datalog_db; Type: DATABASE; Schema: -; Owner: postgres
--

-- CREATE DATABASE datalog_db WITH TEMPLATE = template0 ENCODING = 'UTF8' LC_COLLATE = 'en_US.utf8' LC_CTYPE = 'en_US.utf8';


ALTER DATABASE datalog_db OWNER TO postgres;

\connect datalog_db

SET statement_timeout = 0;
SET lock_timeout = 0;
SET idle_in_transaction_session_timeout = 0;
SET client_encoding = 'UTF8';
SET standard_conforming_strings = on;
SELECT pg_catalog.set_config('search_path', '', false);
SET check_function_bodies = false;
SET xmloption = content;
SET client_min_messages = warning;
SET row_security = off;

--
-- TOC entry 2900 (class 0 OID 0)
-- Dependencies: 2899
-- Name: datalog_db; Type: DATABASE PROPERTIES; Schema: -; Owner: postgres
--

ALTER DATABASE datalog_db SET "TimeZone" TO 'Europe/Berlin';


\connect datalog_db

SET statement_timeout = 0;
SET lock_timeout = 0;
SET idle_in_transaction_session_timeout = 0;
SET client_encoding = 'UTF8';
SET standard_conforming_strings = on;
SELECT pg_catalog.set_config('search_path', '', false);
SET check_function_bodies = false;
SET xmloption = content;
SET client_min_messages = warning;
SET row_security = off;

SET default_tablespace = '';

SET default_with_oids = false;

--
-- TOC entry 204 (class 1259 OID 16435)
-- Name: GPS_DATA; Type: TABLE; Schema: public; Owner: postgres
--

CREATE TABLE public."GPS_DATA" (
    index bigint NOT NULL,
    "sensorID" integer NOT NULL,
    "timestamp" timestamp with time zone NOT NULL,
    latitude real NOT NULL,
    longitude real NOT NULL
);


ALTER TABLE public."GPS_DATA" OWNER TO postgres;

--
-- TOC entry 203 (class 1259 OID 16433)
-- Name: GPS_DATA_index_seq; Type: SEQUENCE; Schema: public; Owner: postgres
--

CREATE SEQUENCE public."GPS_DATA_index_seq"
    START WITH 1
    INCREMENT BY 1
    NO MINVALUE
    NO MAXVALUE
    CACHE 1;


ALTER TABLE public."GPS_DATA_index_seq" OWNER TO postgres;

--
-- TOC entry 2901 (class 0 OID 0)
-- Dependencies: 203
-- Name: GPS_DATA_index_seq; Type: SEQUENCE OWNED BY; Schema: public; Owner: postgres
--

ALTER SEQUENCE public."GPS_DATA_index_seq" OWNED BY public."GPS_DATA".index;


--
-- TOC entry 196 (class 1259 OID 16390)
-- Name: NODES; Type: TABLE; Schema: public; Owner: postgres
--

CREATE TABLE public."NODES" (
    "nodeID" integer NOT NULL,
    "nodeDescription" text NOT NULL,
    "sensorID" integer[]
);


ALTER TABLE public."NODES" OWNER TO postgres;

--
-- TOC entry 197 (class 1259 OID 16396)
-- Name: GPS_last_location; Type: VIEW; Schema: public; Owner: postgres
--

CREATE VIEW public."GPS_last_location" WITH (security_barrier='false') AS
 SELECT DISTINCT ON ("NODES"."nodeID") "GPS_DATA_1"."sensorID",
    "GPS_DATA_1"."timestamp",
    "GPS_DATA_1".latitude,
    "GPS_DATA_1".longitude,
    "NODES"."nodeID"
   FROM (( SELECT "GPS_DATA".index,
            "GPS_DATA"."sensorID",
            "GPS_DATA"."timestamp",
            "GPS_DATA".latitude,
            "GPS_DATA".longitude
           FROM public."GPS_DATA"
          ORDER BY "GPS_DATA"."timestamp" DESC) "GPS_DATA_1"
     JOIN public."NODES" ON (("GPS_DATA_1"."sensorID" = ANY ("NODES"."sensorID"))));


ALTER TABLE public."GPS_last_location" OWNER TO postgres;

--
-- TOC entry 198 (class 1259 OID 16400)
-- Name: SENSORS; Type: TABLE; Schema: public; Owner: postgres
--

CREATE TABLE public."SENSORS" (
    "sensorID" integer NOT NULL,
    "sensorType" text NOT NULL,
    "dataType" text NOT NULL,
    "sensorDescription" text NOT NULL
);


ALTER TABLE public."SENSORS" OWNER TO postgres;

--
-- TOC entry 199 (class 1259 OID 16410)
-- Name: TEMPC_HUMID_DATA; Type: TABLE; Schema: public; Owner: postgres
--

CREATE TABLE public."TEMPC_HUMID_DATA" (
    index bigint NOT NULL,
    "sensorID" integer NOT NULL,
    "timestamp" timestamp with time zone NOT NULL,
    temperature real NOT NULL,
    humidity real NOT NULL
);


ALTER TABLE public."TEMPC_HUMID_DATA" OWNER TO postgres;

--
-- TOC entry 200 (class 1259 OID 16413)
-- Name: TEMPC_HUMID_DATA_index_seq; Type: SEQUENCE; Schema: public; Owner: postgres
--

CREATE SEQUENCE public."TEMPC_HUMID_DATA_index_seq"
    START WITH 1
    INCREMENT BY 1
    NO MINVALUE
    NO MAXVALUE
    CACHE 1;


ALTER TABLE public."TEMPC_HUMID_DATA_index_seq" OWNER TO postgres;

--
-- TOC entry 2902 (class 0 OID 0)
-- Dependencies: 200
-- Name: TEMPC_HUMID_DATA_index_seq; Type: SEQUENCE OWNED BY; Schema: public; Owner: postgres
--

ALTER SEQUENCE public."TEMPC_HUMID_DATA_index_seq" OWNED BY public."TEMPC_HUMID_DATA".index;


--
-- TOC entry 201 (class 1259 OID 16415)
-- Name: TEMPF_HUMID_DATA; Type: TABLE; Schema: public; Owner: postgres
--

CREATE TABLE public."TEMPF_HUMID_DATA" (
    index bigint NOT NULL,
    "sensorID" integer NOT NULL,
    "timestamp" timestamp with time zone NOT NULL,
    temperature real NOT NULL,
    humidity real NOT NULL
);


ALTER TABLE public."TEMPF_HUMID_DATA" OWNER TO postgres;

--
-- TOC entry 202 (class 1259 OID 16418)
-- Name: TEMPF_HUMID_DATA_index_seq; Type: SEQUENCE; Schema: public; Owner: postgres
--

CREATE SEQUENCE public."TEMPF_HUMID_DATA_index_seq"
    START WITH 1
    INCREMENT BY 1
    NO MINVALUE
    NO MAXVALUE
    CACHE 1;


ALTER TABLE public."TEMPF_HUMID_DATA_index_seq" OWNER TO postgres;

--
-- TOC entry 2903 (class 0 OID 0)
-- Dependencies: 202
-- Name: TEMPF_HUMID_DATA_index_seq; Type: SEQUENCE OWNED BY; Schema: public; Owner: postgres
--

ALTER SEQUENCE public."TEMPF_HUMID_DATA_index_seq" OWNED BY public."TEMPF_HUMID_DATA".index;


--
-- TOC entry 2753 (class 2604 OID 16438)
-- Name: GPS_DATA index; Type: DEFAULT; Schema: public; Owner: postgres
--

ALTER TABLE ONLY public."GPS_DATA" ALTER COLUMN index SET DEFAULT nextval('public."GPS_DATA_index_seq"'::regclass);


--
-- TOC entry 2751 (class 2604 OID 16421)
-- Name: TEMPC_HUMID_DATA index; Type: DEFAULT; Schema: public; Owner: postgres
--

ALTER TABLE ONLY public."TEMPC_HUMID_DATA" ALTER COLUMN index SET DEFAULT nextval('public."TEMPC_HUMID_DATA_index_seq"'::regclass);


--
-- TOC entry 2752 (class 2604 OID 16422)
-- Name: TEMPF_HUMID_DATA index; Type: DEFAULT; Schema: public; Owner: postgres
--

ALTER TABLE ONLY public."TEMPF_HUMID_DATA" ALTER COLUMN index SET DEFAULT nextval('public."TEMPF_HUMID_DATA_index_seq"'::regclass);


--
-- TOC entry 2893 (class 0 OID 16435)
-- Dependencies: 204
-- Data for Name: GPS_DATA; Type: TABLE DATA; Schema: public; Owner: postgres
--

COPY public."GPS_DATA" (index, "sensorID", "timestamp", latitude, longitude) FROM stdin;
3	3	2019-06-07 13:54:19.811619+02	52.5157013	5.89919996
4	7	2019-06-07 13:55:34.178948+02	53.5519981	6.77699995
440	3	2019-06-25 23:56:36.454346+02	52.5157013	5.89919996
443	3	2019-06-25 23:58:08.362639+02	52.5157013	5.89919996
445	1	2019-06-26 09:18:29.478987+02	51.4882698	6.60561085
448	1	2019-06-26 09:39:34.554147+02	51.4882889	6.60547018
451	1	2019-06-26 09:40:20.071751+02	51.48806	6.60595512
454	1	2019-06-26 09:41:07.573989+02	51.4862595	6.60334301
457	1	2019-06-26 09:42:13.53531+02	51.4834404	6.59605694
460	1	2019-06-26 09:42:57.935048+02	51.4856491	6.590271
463	1	2019-06-26 09:43:44.598244+02	51.490551	6.58284616
466	1	2019-06-26 09:45:06.618723+02	51.4977989	6.57391405
469	1	2019-06-26 09:45:52.697226+02	51.5020905	6.56963587
472	1	2019-06-26 09:47:11.913193+02	51.5066414	6.556705
475	1	2019-06-26 09:47:42.98876+02	51.507309	6.54573917
478	1	2019-06-26 09:48:28.913157+02	51.5084381	6.54402494
481	1	2019-06-26 09:49:13.93732+02	51.5084991	6.54398108
484	1	2019-06-26 09:49:59.429227+02	51.5084381	6.54298687
487	1	2019-06-26 10:02:14.348404+02	51.5075798	6.54472303
490	1	2019-06-26 10:03:00.054441+02	51.5046501	6.54173899
493	1	2019-06-26 10:03:46.115127+02	51.5037117	6.54393005
496	1	2019-06-26 10:04:32.26846+02	51.5019188	6.54457188
499	1	2019-06-26 10:05:18.333882+02	51.4997292	6.54496717
502	1	2019-06-26 10:06:04.008729+02	51.4947586	6.54619408
505	1	2019-06-26 10:06:49.460824+02	51.48946	6.54719782
508	1	2019-06-26 10:07:46.653668+02	51.4877892	6.54401779
511	1	2019-06-26 10:08:41.035708+02	51.4878883	6.5449152
514	1	2019-06-26 10:09:12.517545+02	51.4849892	6.54819012
517	1	2019-06-26 10:09:57.439965+02	51.4815216	6.54872894
520	1	2019-06-26 10:10:43.255537+02	51.4820709	6.55529308
523	1	2019-06-26 10:11:29.490392+02	51.4863014	6.56685019
526	1	2019-06-26 10:12:14.4953+02	51.4889603	6.57821798
529	1	2019-06-26 10:13:31.84909+02	51.4910698	6.57618904
532	1	2019-06-26 10:14:16.466714+02	51.4965286	6.57662201
535	1	2019-06-26 10:15:02.554513+02	51.4943619	6.57891798
538	1	2019-06-26 10:15:47.234968+02	51.4882317	6.58565378
541	1	2019-06-26 10:16:33.571859+02	51.482399	6.59586716
544	1	2019-06-26 10:17:18.748207+02	51.4822197	6.60002995
547	1	2019-06-26 10:18:03.236955+02	51.4857216	6.6032691
550	1	2019-06-26 10:18:48.86166+02	51.4886894	6.60395908
553	1	2019-06-26 10:19:34.046941+02	51.4879913	6.60644007
556	1	2019-06-26 10:20:22.887174+02	51.4892311	6.60846901
559	1	2019-06-26 10:21:24.843348+02	51.4876518	6.61642599
562	1	2019-06-26 10:22:10.06491+02	51.4843102	6.61727905
565	1	2019-06-26 10:22:55.454328+02	51.4807091	6.62267494
568	1	2019-06-26 10:23:39.806185+02	51.481041	6.6249299
571	1	2019-06-26 10:24:25.351239+02	51.4813919	6.62521696
574	1	2019-06-26 10:25:10.990406+02	51.4814491	6.62518501
577	1	2019-06-26 10:25:56.91831+02	51.481369	6.62522602
580	1	2019-06-26 10:26:42.613401+02	51.4808006	6.62385893
583	1	2019-06-26 10:27:28.893245+02	51.4831886	6.62642479
586	1	2019-06-26 10:28:15.117526+02	51.4813805	6.62971115
589	1	2019-06-26 10:29:00.354628+02	51.4803085	6.63085985
592	1	2019-06-26 10:29:47.171959+02	51.4803391	6.63089895
595	1	2019-06-26 10:30:31.372079+02	51.4803314	6.63078022
598	1	2019-06-26 10:31:18.742588+02	51.4803009	6.63075113
601	1	2019-06-26 10:32:04.907181+02	51.4803085	6.63078308
604	1	2019-06-26 10:32:49.153189+02	51.4801102	6.63099813
607	1	2019-06-26 10:33:34.880034+02	51.4790688	6.63219595
610	1	2019-06-26 10:34:19.518014+02	51.4761581	6.63208723
613	1	2019-06-26 10:35:05.378128+02	51.4709816	6.6315279
616	1	2019-06-26 10:35:55.328167+02	51.4687004	6.63125181
619	1	2019-06-26 10:36:50.654711+02	51.4632492	6.6292038
622	1	2019-06-26 10:37:21.383699+02	51.4597511	6.61710501
625	1	2019-06-26 10:38:07.504552+02	51.4568481	6.60668707
628	1	2019-06-26 10:38:53.29839+02	51.4525299	6.6086688
631	1	2019-06-26 10:39:38.380063+02	51.451149	6.60923386
634	1	2019-06-26 11:20:24.565641+02	51.4628181	6.61815596
637	1	2019-06-26 11:21:09.196723+02	51.4674911	6.61421013
640	1	2019-06-26 11:21:55.337622+02	51.4720802	6.60872602
643	1	2019-06-26 11:22:40.787356+02	51.4780388	6.60524988
646	1	2019-06-26 11:23:26.473832+02	51.4794693	6.60226202
649	1	2019-06-26 11:24:12.83778+02	51.4823112	6.60004807
652	1	2019-06-26 11:24:58.292362+02	51.485569	6.60325289
655	1	2019-06-26 11:25:49.67746+02	51.4882202	6.60331821
658	1	2019-06-26 11:26:34.248379+02	51.4881096	6.60545111
661	1	2019-06-26 11:27:19.786825+02	51.4882317	6.60560608
664	1	2019-06-26 11:28:05.511583+02	51.4882698	6.60557318
667	1	2019-06-26 11:28:52.899799+02	51.4882202	6.60553217
670	1	2019-06-26 11:29:37.969602+02	51.4882202	6.60554314
673	1	2019-06-26 11:30:24.265967+02	51.4884491	6.60563612
674	3	2019-06-28 21:08:51.168964+02	52.5157013	5.89919996
675	3	2019-06-28 21:46:21.248717+02	52.5157013	5.89919996
441	3	2019-06-25 23:57:21.982463+02	52.5157013	5.89919996
444	3	2019-06-25 23:59:45.57579+02	52.5157013	5.89919996
446	1	2019-06-26 09:18:31.129337+02	51.4882698	6.60560322
449	1	2019-06-26 09:39:49.800102+02	51.4882889	6.60548401
452	1	2019-06-26 09:40:34.817894+02	51.4875488	6.60432386
455	1	2019-06-26 09:41:56.513331+02	51.4856491	6.60121012
458	1	2019-06-26 09:42:27.262448+02	51.4830704	6.59507799
461	1	2019-06-26 09:43:13.291604+02	51.4873085	6.58741617
464	1	2019-06-26 09:43:59.364214+02	51.491169	6.58224678
467	1	2019-06-26 09:45:23.056872+02	51.4985504	6.57241488
470	1	2019-06-26 09:46:32.696034+02	51.5041313	6.56766415
473	1	2019-06-26 09:47:13.291157+02	51.5066414	6.55646992
476	1	2019-06-26 09:47:58.200338+02	51.5074806	6.54532623
479	1	2019-06-26 09:48:43.465838+02	51.5084801	6.54399204
482	1	2019-06-26 09:49:29.690415+02	51.5083504	6.54306412
485	1	2019-06-26 10:01:44.669126+02	51.5083885	6.54376888
488	1	2019-06-26 10:02:31.202682+02	51.5062714	6.54329681
491	1	2019-06-26 10:03:16.264111+02	51.5046501	6.54172611
494	1	2019-06-26 10:04:02.679889+02	51.5026894	6.54454422
497	1	2019-06-26 10:04:46.980866+02	51.5019112	6.54459381
500	1	2019-06-26 10:05:32.87646+02	51.4981804	6.54534292
503	1	2019-06-26 10:06:18.725097+02	51.4929886	6.54652309
506	1	2019-06-26 10:07:06.855095+02	51.4882202	6.54669094
509	1	2019-06-26 10:07:56.055209+02	51.4878082	6.54403019
512	1	2019-06-26 10:08:43.553705+02	51.4879189	6.54503822
515	1	2019-06-26 10:09:27.057106+02	51.4829712	6.54858685
518	1	2019-06-26 10:10:12.717479+02	51.4809418	6.54904079
521	1	2019-06-26 10:10:58.663327+02	51.4835892	6.55868483
524	1	2019-06-26 10:11:47.646154+02	51.4871788	6.57130384
527	1	2019-06-26 10:12:29.638761+02	51.488369	6.57705402
530	1	2019-06-26 10:13:47.724796+02	51.496769	6.57692623
533	1	2019-06-26 10:14:31.599539+02	51.496521	6.57664108
536	1	2019-06-26 10:15:16.81553+02	51.4924393	6.58093309
539	1	2019-06-26 10:16:02.358488+02	51.4863014	6.58906507
542	1	2019-06-26 10:16:48.560523+02	51.4808998	6.59862423
545	1	2019-06-26 10:17:33.91028+02	51.4832382	6.6002388
548	1	2019-06-26 10:18:18.708876+02	51.4871216	6.6036849
551	1	2019-06-26 10:19:04.527694+02	51.4888916	6.60536623
554	1	2019-06-26 10:19:49.974413+02	51.4882088	6.60800314
557	1	2019-06-26 10:20:35.228297+02	51.4893494	6.6089921
560	1	2019-06-26 10:21:39.515304+02	51.4865189	6.61676788
563	1	2019-06-26 10:22:25.235415+02	51.4829292	6.618505
566	1	2019-06-26 10:23:10.587538+02	51.4805603	6.62348318
569	1	2019-06-26 10:23:55.17736+02	51.4813194	6.62525988
572	1	2019-06-26 10:24:40.493811+02	51.481411	6.62525988
575	1	2019-06-26 10:25:26.410251+02	51.4813995	6.62520218
578	1	2019-06-26 10:26:12.453449+02	51.4809189	6.62493277
581	1	2019-06-26 10:26:57.737623+02	51.4815292	6.62430716
584	1	2019-06-26 10:27:43.648555+02	51.4830208	6.62737799
587	1	2019-06-26 10:28:29.305466+02	51.4804916	6.63047504
590	1	2019-06-26 10:29:15.495508+02	51.4803314	6.63089895
593	1	2019-06-26 10:30:01.068948+02	51.4803505	6.63091183
596	1	2019-06-26 10:30:47.574305+02	51.4803314	6.63077307
599	1	2019-06-26 10:31:32.448106+02	51.4802895	6.63076019
602	1	2019-06-26 10:32:18.273093+02	51.4803314	6.63077211
605	1	2019-06-26 10:33:04.684262+02	51.4792709	6.63198519
608	1	2019-06-26 10:33:50.796679+02	51.4790382	6.63218498
611	1	2019-06-26 10:34:35.656432+02	51.4737701	6.6318388
614	1	2019-06-26 10:35:21.55422+02	51.4709587	6.63155079
617	1	2019-06-26 10:36:06.3677+02	51.4664917	6.63100195
620	1	2019-06-26 10:36:51.865142+02	51.4631615	6.62874508
623	1	2019-06-26 10:37:36.925132+02	51.4581985	6.6132369
626	1	2019-06-26 10:38:22.159347+02	51.4561806	6.6065321
629	1	2019-06-26 10:39:07.66301+02	51.4513817	6.60916424
632	1	2019-06-26 10:39:54.943902+02	51.4511299	6.61030388
635	1	2019-06-26 11:20:39.541549+02	51.463459	6.61803913
638	1	2019-06-26 11:21:24.489138+02	51.4695015	6.61086082
641	1	2019-06-26 11:22:11.366891+02	51.4737816	6.60781813
644	1	2019-06-26 11:22:55.941295+02	51.4781303	6.6051259
647	1	2019-06-26 11:23:44.686933+02	51.4806099	6.59918785
650	1	2019-06-26 11:24:27.501373+02	51.483551	6.60053492
653	1	2019-06-26 11:25:15.2294+02	51.4868813	6.60376215
656	1	2019-06-26 11:26:04.078234+02	51.4888382	6.60587502
659	1	2019-06-26 11:26:49.417469+02	51.4881706	6.6055522
662	1	2019-06-26 11:27:35.058691+02	51.4882698	6.605618
665	1	2019-06-26 11:28:36.515148+02	51.4882812	6.60556412
668	1	2019-06-26 11:29:07.223983+02	51.4882088	6.60553312
671	1	2019-06-26 11:29:53.715115+02	51.48843	6.605618
354	14	2019-06-22 10:51:06.411904+02	51.4977303	6.86571121
355	14	2019-06-22 10:51:21.515269+02	51.4977493	6.86570787
356	14	2019-06-22 10:52:02.122036+02	51.4977684	6.86565399
357	14	2019-06-22 10:52:16.556494+02	51.4977798	6.86565781
358	14	2019-06-22 10:52:32.01563+02	51.4977608	6.86567402
359	14	2019-06-22 10:52:47.166257+02	51.4977493	6.86569595
360	14	2019-06-22 10:53:02.272426+02	51.4977493	6.86569977
361	14	2019-06-22 10:53:17.398845+02	51.4977493	6.86570597
362	14	2019-06-22 10:53:32.514353+02	51.4977608	6.8657012
363	14	2019-06-22 10:53:47.811581+02	51.4977608	6.86569214
364	14	2019-06-22 10:54:03.161885+02	51.4977798	6.86567688
365	14	2019-06-22 10:54:18.269312+02	51.4977913	6.86566305
366	14	2019-06-22 10:54:33.39923+02	51.4978218	6.86561012
367	14	2019-06-22 10:54:49.424217+02	51.4978409	6.86561394
368	14	2019-06-22 10:55:03.546663+02	51.4978294	6.86561012
369	14	2019-06-22 10:55:18.702747+02	51.4978409	6.8656168
370	14	2019-06-22 10:55:36.082903+02	51.4978485	6.86561298
371	14	2019-06-22 10:55:49.351723+02	51.4978485	6.86561584
372	14	2019-06-22 10:56:04.691971+02	51.4979782	6.86591005
373	14	2019-06-22 10:56:21.022363+02	51.4986191	6.8656292
374	14	2019-06-22 10:56:36.353114+02	51.4986916	6.86364889
375	14	2019-06-22 10:56:51.392041+02	51.4977989	6.864007
376	14	2019-06-22 10:57:04.693347+02	51.4967384	6.86257601
377	14	2019-06-22 10:57:52.114008+02	51.49683	6.8567872
378	14	2019-06-22 10:57:54.25793+02	51.49683	6.8567872
379	14	2019-06-22 10:58:08.562087+02	51.4914703	6.83930302
380	14	2019-06-22 10:58:24.267361+02	51.4885788	6.83465385
381	14	2019-06-22 10:58:40.640618+02	51.4865799	6.82821608
382	14	2019-06-22 10:58:56.339979+02	51.4864693	6.82181501
383	14	2019-06-22 10:59:12.711576+02	51.487381	6.81585503
384	14	2019-06-22 10:59:26.332227+02	51.4875717	6.80967522
385	14	2019-06-22 10:59:43.528784+02	51.4866295	6.80431795
386	14	2019-06-22 10:59:56.01985+02	51.4850998	6.79942894
387	14	2019-06-22 11:00:10.793224+02	51.4848595	6.79408598
388	14	2019-06-22 11:00:25.97316+02	51.4861603	6.78844881
389	14	2019-06-22 11:00:41.410032+02	51.4861107	6.78297186
390	14	2019-06-22 11:00:57.341554+02	51.4841995	6.77836418
391	14	2019-06-22 11:01:12.409404+02	51.4831581	6.77321577
392	14	2019-06-22 11:01:27.362332+02	51.4841194	6.76836777
393	14	2019-06-22 11:01:42.248208+02	51.4858017	6.76410818
394	14	2019-06-22 11:01:57.751051+02	51.4865303	6.75984478
395	14	2019-06-22 11:02:12.879954+02	51.4870415	6.75575018
396	14	2019-06-22 11:02:27.84444+02	51.4873581	6.75116014
397	14	2019-06-22 11:02:42.281713+02	51.4868317	6.74641895
398	14	2019-06-22 11:02:57.500361+02	51.4850616	6.74144888
399	14	2019-06-22 11:03:13.495339+02	51.4829483	6.73649788
400	14	2019-06-22 11:03:28.649358+02	51.4808502	6.73157692
401	14	2019-06-22 11:03:43.754559+02	51.4791298	6.72628307
402	14	2019-06-22 11:03:57.907411+02	51.4785194	6.72007799
403	14	2019-06-22 11:04:13.926797+02	51.4782104	6.71337891
404	14	2019-06-22 11:04:29.451296+02	51.4782104	6.70772314
405	14	2019-06-22 11:04:46.312333+02	51.4790497	6.70275784
406	14	2019-06-22 11:04:58.849941+02	51.4803505	6.69794416
407	14	2019-06-22 11:05:14.208127+02	51.4808502	6.6925211
408	14	2019-06-22 11:05:30.035139+02	51.4809608	6.68745708
409	14	2019-06-22 11:05:45.035521+02	51.4810295	6.68245888
410	14	2019-06-22 11:06:00.854815+02	51.4811096	6.67763996
411	14	2019-06-22 11:06:15.186415+02	51.4813499	6.67296219
412	14	2019-06-22 11:06:54.561002+02	51.4826088	6.66816092
413	14	2019-06-22 11:07:05.141387+02	51.4871712	6.65996408
414	14	2019-06-22 11:07:43.837434+02	51.4894714	6.65459299
415	14	2019-06-22 11:07:53.155842+02	51.4924393	6.64356899
416	14	2019-06-22 11:08:09.196942+02	51.4932518	6.63816977
417	14	2019-06-22 11:08:22.575498+02	51.4939194	6.63326979
418	14	2019-06-22 11:08:40.217593+02	51.4944382	6.62941885
419	14	2019-06-22 11:08:59.78594+02	51.4953194	6.63090801
420	14	2019-06-22 11:09:08.937392+02	51.4942284	6.63215685
421	14	2019-06-22 11:09:24.132284+02	51.4931717	6.63286018
422	14	2019-06-22 11:09:38.281501+02	51.4920197	6.63322401
423	14	2019-06-22 11:10:42.153666+02	51.4898415	6.63340616
424	14	2019-06-22 11:10:46.271632+02	51.4916306	6.62075377
425	14	2019-06-22 11:11:09.231973+02	51.4919395	6.61826992
426	14	2019-06-22 11:11:41.501923+02	51.4900208	6.61749601
427	14	2019-06-22 11:11:43.52011+02	51.4898796	6.61744213
428	14	2019-06-22 11:11:58.811668+02	51.4877205	6.61281013
429	14	2019-06-22 11:12:14.398284+02	51.4889488	6.61077499
430	14	2019-06-22 11:12:29.552951+02	51.489521	6.60912895
431	14	2019-06-22 11:12:44.682541+02	51.4895401	6.60910082
432	14	2019-06-22 11:12:59.793775+02	51.489521	6.60889006
433	14	2019-06-22 11:13:15.194666+02	51.4899712	6.60661077
434	14	2019-06-22 11:13:30.517406+02	51.4893112	6.60593987
435	14	2019-06-22 11:13:45.138907+02	51.4884911	6.605896
436	14	2019-06-22 11:14:00.616936+02	51.4882812	6.60549688
437	14	2019-06-22 11:14:15.833299+02	51.4882011	6.60552406
438	14	2019-06-22 11:14:31.114185+02	51.4882812	6.60549307
439	14	2019-06-22 11:14:46.106534+02	51.4882698	6.6055069
442	3	2019-06-25 23:58:01.134168+02	52.5157013	5.89919996
447	1	2019-06-26 09:39:19.321771+02	51.4882317	6.60558414
450	1	2019-06-26 09:40:05.077686+02	51.488369	6.60575914
453	1	2019-06-26 09:40:49.734006+02	51.4872589	6.60360098
456	1	2019-06-26 09:41:57.648629+02	51.4856491	6.60121012
459	1	2019-06-26 09:42:51.430789+02	51.48386	6.59337378
462	1	2019-06-26 09:43:28.528117+02	51.4888687	6.58480597
465	1	2019-06-26 09:44:56.919092+02	51.4919395	6.58151102
468	1	2019-06-26 09:45:37.461141+02	51.4999809	6.57104921
471	1	2019-06-26 09:46:41.17675+02	51.5065498	6.56077719
474	1	2019-06-26 09:47:27.525348+02	51.5065994	6.54888916
477	1	2019-06-26 09:48:13.319682+02	51.5075798	6.54513502
480	1	2019-06-26 09:48:58.603533+02	51.5084801	6.54398584
483	1	2019-06-26 09:49:47.173488+02	51.508419	6.54300594
486	1	2019-06-26 10:02:02.066678+02	51.5084	6.54391003
489	1	2019-06-26 10:02:46.427336+02	51.5049095	6.542027
492	1	2019-06-26 10:03:30.757827+02	51.5041313	6.54205179
495	1	2019-06-26 10:04:17.617047+02	51.5019608	6.5445261
498	1	2019-06-26 10:05:02.293296+02	51.5011215	6.54467201
501	1	2019-06-26 10:05:48.072974+02	51.4963493	6.54568911
504	1	2019-06-26 10:06:35.84507+02	51.4910507	6.54693604
507	1	2019-06-26 10:07:20.300091+02	51.4878006	6.54462004
510	1	2019-06-26 10:08:06.632639+02	51.4878197	6.54413605
513	1	2019-06-26 10:08:57.345838+02	51.4871216	6.54771996
516	1	2019-06-26 10:09:42.195785+02	51.4814682	6.54873323
519	1	2019-06-26 10:10:27.925044+02	51.4808998	6.55190706
522	1	2019-06-26 10:11:19.917617+02	51.4850311	6.56238985
525	1	2019-06-26 10:12:00.278544+02	51.4878807	6.57506704
528	1	2019-06-26 10:13:30.302292+02	51.4908791	6.5762291
531	1	2019-06-26 10:14:04.321061+02	51.4965401	6.57662106
534	1	2019-06-26 10:14:52.38236+02	51.4962616	6.57672977
537	1	2019-06-26 10:15:32.028208+02	51.4903107	6.58294106
540	1	2019-06-26 10:16:17.548562+02	51.4843597	6.59248114
543	1	2019-06-26 10:17:05.840705+02	51.4817009	6.59967422
546	1	2019-06-26 10:17:48.065498+02	51.4845581	6.60172701
549	1	2019-06-26 10:18:34.389193+02	51.4883804	6.60329008
552	1	2019-06-26 10:19:19.338718+02	51.4885292	6.60586023
555	1	2019-06-26 10:20:04.779494+02	51.4885902	6.60833502
558	1	2019-06-26 10:21:12.031741+02	51.4882889	6.61151409
561	1	2019-06-26 10:21:55.214557+02	51.4849205	6.61712599
564	1	2019-06-26 10:22:41.102073+02	51.4818916	6.62083817
567	1	2019-06-26 10:23:27.681965+02	51.480629	6.62449884
570	1	2019-06-26 10:24:10.830745+02	51.4813118	6.62526178
573	1	2019-06-26 10:24:55.872878+02	51.4815292	6.62517881
576	1	2019-06-26 10:25:41.726101+02	51.4813919	6.62520409
579	1	2019-06-26 10:26:28.057939+02	51.4805183	6.62446308
582	1	2019-06-26 10:27:13.279261+02	51.4823303	6.62521601
585	1	2019-06-26 10:27:58.947453+02	51.4822807	6.62852812
588	1	2019-06-26 10:28:44.86218+02	51.4802704	6.63082123
591	1	2019-06-26 10:29:30.717746+02	51.4803391	6.63090086
594	1	2019-06-26 10:30:16.89256+02	51.4803505	6.63083792
597	1	2019-06-26 10:31:02.921445+02	51.4802895	6.63074398
600	1	2019-06-26 10:31:48.154976+02	51.4803085	6.63078785
603	1	2019-06-26 10:32:34.410443+02	51.4803391	6.6307621
606	1	2019-06-26 10:33:19.894064+02	51.4791107	6.63220596
609	1	2019-06-26 10:34:04.248088+02	51.4782295	6.63229179
612	1	2019-06-26 10:35:01.080802+02	51.4712906	6.63158989
615	1	2019-06-26 10:35:36.047402+02	51.4707489	6.63152599
618	1	2019-06-26 10:36:21.132654+02	51.4641685	6.63084888
621	1	2019-06-26 10:37:08.783621+02	51.4612389	6.62093306
624	1	2019-06-26 10:37:51.494173+02	51.4572296	6.60949612
627	1	2019-06-26 10:38:36.93579+02	51.454319	6.60762405
630	1	2019-06-26 10:39:23.012381+02	51.4512405	6.60922098
633	1	2019-06-26 10:40:09.10157+02	51.4512291	6.611063
636	1	2019-06-26 11:20:53.739487+02	51.4653282	6.61630392
639	1	2019-06-26 11:21:39.840427+02	51.4714394	6.60920191
642	1	2019-06-26 11:22:25.629085+02	51.4761505	6.60692215
645	1	2019-06-26 11:23:11.302532+02	51.4784508	6.60452986
648	1	2019-06-26 11:23:58.987291+02	51.481739	6.59976387
651	1	2019-06-26 11:24:43.010602+02	51.484539	6.60195494
654	1	2019-06-26 11:25:47.697908+02	51.4881516	6.60334206
657	1	2019-06-26 11:26:19.655379+02	51.4884186	6.60560513
660	1	2019-06-26 11:27:04.59777+02	51.4881401	6.60561085
663	1	2019-06-26 11:27:50.385879+02	51.4882698	6.60558414
666	1	2019-06-26 11:28:37.733257+02	51.4882812	6.60556412
669	1	2019-06-26 11:29:26.510656+02	51.4882393	6.60554695
672	1	2019-06-26 11:30:08.828121+02	51.4884491	6.60562277
\.


--
-- TOC entry 2886 (class 0 OID 16390)
-- Dependencies: 196
-- Data for Name: NODES; Type: TABLE DATA; Schema: public; Owner: postgres
--

COPY public."NODES" ("nodeID", "nodeDescription", "sensorID") FROM stdin;
1	ESP32 using WiFi. Sensors: GPS, DHT11.	{1,4}
3	ESP32 using WiFi. Sensors: GPS, DHT22.	{3,6}
4	ESP32 using WiFi. Sensors: GPS, DHT22.	{7,8}
5	ESP32 using WiFi. Sensors: GPS, DHT22.	{9,10}
2	ESP32 using WiFi. Sensors: GPS, DHT11.	{2,5,11}
7	ESP32 using WiFi. Sensors: GPS, DHT22.	{14,15}
\.


--
-- TOC entry 2887 (class 0 OID 16400)
-- Dependencies: 198
-- Data for Name: SENSORS; Type: TABLE DATA; Schema: public; Owner: postgres
--

COPY public."SENSORS" ("sensorID", "sensorType", "dataType", "sensorDescription") FROM stdin;
1	GPS	GPS_DATA	Generic GPS sensor.
2	GPS	GPS_DATA	Generic GPS sensor.
3	GPS	GPS_DATA	Generic GPS sensor.
7	GPS	GPS_DATA	Generic GPS sensor.
9	GPS	GPS_DATA	Generic GPS sensor.
4	TEMPC_HUMIDITY	TEMPC_HUMID_DATA	DHT22
5	TEMPC_HUMIDITY	TEMPC_HUMID_DATA	DHT22
6	TEMPC_HUMIDITY	TEMPC_HUMID_DATA	DHT22
8	TEMPC_HUMIDITY	TEMPC_HUMID_DATA	DHT22
10	TEMPC_HUMIDITY	TEMPC_HUMID_DATA	DHT22
11	TEMPC_HUMIDITY	TEMPC_HUMID_DATA	DHT22
12	GPS	GPS_DATA	Generic GPS sensor.
13	TEMPC_HUMIDITY	TEMPC_HUMID_DATA	DHT22
14	GPS	GPS_DATA	Generic GPS sensor.
15	TEMPC_HUMIDITY	TEMPC_HUMID_DATA	DHT22
\.


--
-- TOC entry 2888 (class 0 OID 16410)
-- Dependencies: 199
-- Data for Name: TEMPC_HUMID_DATA; Type: TABLE DATA; Schema: public; Owner: postgres
--

COPY public."TEMPC_HUMID_DATA" (index, "sensorID", "timestamp", temperature, humidity) FROM stdin;
6	8	2019-06-07 13:55:34.077226+02	33.4000015	53.4000015
178	13	2019-06-19 14:16:00.291371+02	29	53.4000015
179	13	2019-06-19 14:16:14.83355+02	30.3999996	46.4000015
180	13	2019-06-19 14:16:30.642408+02	30.8999996	42.9000015
181	13	2019-06-19 14:16:46.665001+02	31.1000004	39.4000015
182	13	2019-06-19 14:17:01.385047+02	31.5	37.9000015
183	13	2019-06-19 14:17:15.743858+02	31.7999992	37.7000008
184	13	2019-06-19 14:17:32.742514+02	32.0999985	36.2999992
185	13	2019-06-19 14:17:46.152082+02	32.2999992	36.7999992
186	13	2019-06-19 14:18:00.45412+02	32.5999985	39.5
187	13	2019-06-19 14:18:16.536087+02	32.7999992	41.9000015
188	13	2019-06-19 14:18:30.729779+02	33	41.7999992
189	13	2019-06-19 14:18:46.688619+02	33.2000008	42
190	13	2019-06-19 14:19:01.809429+02	33.5	41.5999985
191	13	2019-06-19 14:19:17.181923+02	33.7000008	41.5999985
215	13	2019-06-19 15:53:13.634128+02	29.6000004	26.5
216	13	2019-06-19 15:53:28.695549+02	29.2999992	26.6000004
217	13	2019-06-19 15:53:42.858537+02	28.8999996	26.6000004
218	13	2019-06-19 15:54:00.627646+02	28.5	26.3999996
219	13	2019-06-19 15:54:13.973146+02	28.1000004	26.2999992
220	13	2019-06-19 15:54:29.185913+02	27.7999992	26.6000004
221	13	2019-06-19 15:54:45.121979+02	27.5	26.6000004
222	13	2019-06-19 15:54:59.499583+02	27.2000008	26.8999996
223	13	2019-06-19 15:55:15.807597+02	26.7000008	26.8999996
224	13	2019-06-19 15:55:29.989165+02	26.3999996	27
225	13	2019-06-19 15:55:45.152547+02	26	27.3999996
226	13	2019-06-19 15:56:02.23131+02	25.7000008	27.7999992
227	13	2019-06-19 15:56:16.135591+02	25.2000008	28.1000004
228	13	2019-06-19 15:56:31.378634+02	25	28.6000004
229	13	2019-06-19 15:56:45.549407+02	24.7000008	29
230	13	2019-06-19 15:57:05.643504+02	24.6000004	29.5
231	13	2019-06-19 15:57:43.704837+02	24.5	29.8999996
232	13	2019-06-19 15:57:50.221513+02	24.2000008	30.7999992
233	13	2019-06-19 15:58:05.770854+02	24.1000004	30.5
234	13	2019-06-19 15:58:20.801543+02	24	30.1000004
235	13	2019-06-19 15:58:35.712526+02	23.7999992	29.8999996
236	13	2019-06-19 15:58:51.075954+02	23.7000008	30.1000004
237	13	2019-06-19 15:59:05.281496+02	23.6000004	30.2000008
238	13	2019-06-19 15:59:21.413592+02	23.5	30.7999992
239	13	2019-06-19 15:59:36.382153+02	23.5	31.7000008
240	13	2019-06-19 15:59:54.453743+02	23.6000004	32
241	13	2019-06-19 16:00:05.637631+02	23.6000004	33.5999985
242	13	2019-06-19 16:00:22.000186+02	23.7000008	34.4000015
243	13	2019-06-19 16:00:36.878889+02	23.7999992	34.2000008
247	13	2019-06-19 18:26:23.839701+02	28.7000008	45.5
248	13	2019-06-19 18:26:38.927631+02	28.7999992	48.9000015
249	13	2019-06-19 18:26:53.993718+02	28.8999996	48.0999985
250	13	2019-06-19 18:27:09.049238+02	28.8999996	49.7999992
251	13	2019-06-19 18:27:24.118927+02	29	45.9000015
252	13	2019-06-19 18:28:29.901818+02	29.1000004	41.5
253	13	2019-06-19 18:28:44.957832+02	29	41.7000008
256	13	2019-06-19 19:06:29.203589+02	28.8999996	43.4000015
257	13	2019-06-19 19:06:45.339785+02	28.7999992	43.5999985
258	13	2019-06-19 19:06:59.726684+02	28.7999992	44.0999985
259	13	2019-06-19 19:07:16.245792+02	28.7000008	43.9000015
260	13	2019-06-19 19:07:31.463992+02	28.7000008	43.5
261	13	2019-06-19 19:07:44.980695+02	28.7000008	43.2000008
262	13	2019-06-19 19:08:00.761483+02	28.7000008	43.2000008
263	13	2019-06-19 19:08:15.286378+02	28.7000008	43.7000008
264	13	2019-06-19 19:08:31.946736+02	28.7000008	43.7000008
265	13	2019-06-19 19:08:45.411395+02	28.7000008	43.5999985
266	13	2019-06-19 19:09:01.381877+02	28.7000008	43.7000008
267	13	2019-06-19 19:09:16.362704+02	28.6000004	43.7000008
268	13	2019-06-19 19:09:32.267841+02	28.6000004	43.7000008
269	13	2019-06-19 19:09:45.627474+02	28.6000004	43.7999992
270	13	2019-06-19 19:10:01.749013+02	28.5	43.7000008
271	13	2019-06-19 19:10:17.090009+02	28.5	43.7999992
272	13	2019-06-19 19:10:35.108958+02	28.5	43.9000015
273	13	2019-06-19 19:10:50.309654+02	28.3999996	43.9000015
274	13	2019-06-19 19:11:03.049018+02	28.3999996	44
285	13	2019-06-19 21:16:08.799963+02	27.7000008	53.5999985
287	13	2019-06-19 21:40:47.931622+02	27.6000004	53.9000015
289	13	2019-06-19 21:41:55.356176+02	27.7000008	53.2999992
290	13	2019-06-19 21:42:03.800923+02	27.7000008	53.2999992
291	13	2019-06-19 21:42:19.207895+02	27.7000008	53.5
292	13	2019-06-19 21:47:15.727682+02	28	52.9000015
298	13	2019-06-19 21:50:19.212367+02	29.1000004	54
306	13	2019-06-19 22:23:45.291906+02	27.6000004	54.7000008
307	13	2019-06-19 22:35:03.702994+02	27.8999996	54.9000015
308	13	2019-06-19 22:35:18.699816+02	27.8999996	54.2000008
309	13	2019-06-19 22:35:33.650957+02	28	53.9000015
310	13	2019-06-19 22:35:48.147212+02	28	54.2999992
311	13	2019-06-19 22:44:52.521576+02	29.3999996	51
192	13	2019-06-19 15:02:55.549408+02	26.2000008	61.5
193	13	2019-06-19 15:03:10.110467+02	26.2999992	58.7000008
194	13	2019-06-19 15:03:25.73151+02	26.5	57.2000008
195	13	2019-06-19 15:03:40.466457+02	26.5	57
196	13	2019-06-19 15:03:56.028546+02	26.5	57.0999985
197	13	2019-06-19 15:04:10.727563+02	26.5	56.5
198	13	2019-06-19 15:48:56.311835+02	27.7000008	59.7000008
199	13	2019-06-19 15:49:11.279273+02	28.7999992	56.9000015
200	13	2019-06-19 15:49:26.228231+02	29.7999992	54.7000008
201	13	2019-06-19 15:49:41.468517+02	30.7999992	50.5
202	13	2019-06-19 15:49:56.437524+02	31.7000008	48
203	13	2019-06-19 15:50:22.606369+02	32.4000015	44.7000008
204	13	2019-06-19 15:50:29.305772+02	33	39.2000008
205	13	2019-06-19 15:50:43.681682+02	33.0999985	34
206	13	2019-06-19 15:50:59.854933+02	33	30.6000004
207	13	2019-06-19 15:51:12.151622+02	32.7999992	29.1000004
208	13	2019-06-19 15:51:37.593718+02	32.4000015	27.5
209	13	2019-06-19 15:51:41.831212+02	32.0999985	27.2999992
210	13	2019-06-19 15:51:57.867277+02	31.7000008	26.1000004
211	13	2019-06-19 15:52:13.37563+02	31.2000008	26.7999992
212	13	2019-06-19 15:52:27.495395+02	30.8999996	26.6000004
213	13	2019-06-19 15:52:44.715461+02	30.5	26.1000004
214	13	2019-06-19 15:52:58.455236+02	30.1000004	25.8999996
244	13	2019-06-19 18:24:53.60477+02	28.2000008	52.7000008
245	13	2019-06-19 18:25:08.680962+02	28.2999992	54.2000008
246	13	2019-06-19 18:25:23.741227+02	28.3999996	51.2999992
254	13	2019-06-19 18:35:16.222311+02	28.7000008	39.4000015
255	13	2019-06-19 18:35:31.271084+02	28.7000008	39.5
275	13	2019-06-19 19:11:24.110625+02	28.3999996	44
276	13	2019-06-19 19:11:33.378699+02	28.3999996	44.0999985
277	13	2019-06-19 19:11:46.583126+02	28.3999996	44.2000008
278	13	2019-06-19 19:12:02.02832+02	28.2999992	44.0999985
279	13	2019-06-19 19:12:18.041725+02	28.3999996	44.2999992
280	13	2019-06-19 19:12:33.156438+02	28.2999992	44.2999992
281	13	2019-06-19 19:12:48.107418+02	28.2999992	44.2999992
282	13	2019-06-19 19:13:06.585918+02	28.2999992	44.2999992
283	13	2019-06-19 19:13:18.612019+02	28.2999992	44.5
284	13	2019-06-19 19:13:35.425913+02	28.2000008	44.4000015
286	13	2019-06-19 21:18:54.132697+02	27.7000008	53.4000015
288	13	2019-06-19 21:41:18.76765+02	27.6000004	53.4000015
293	13	2019-06-19 21:48:02.817116+02	28	54.2000008
294	13	2019-06-19 21:48:17.198468+02	28	53.2999992
295	13	2019-06-19 21:48:32.344377+02	27.8999996	53.2999992
296	13	2019-06-19 21:48:51.520249+02	27.8999996	53.4000015
297	13	2019-06-19 21:49:03.687493+02	27.8999996	53.9000015
299	13	2019-06-19 22:21:26.785043+02	27.5	55
300	13	2019-06-19 22:21:58.844721+02	27.5	55
301	13	2019-06-19 22:22:00.192061+02	27.3999996	55
302	13	2019-06-19 22:22:17.757219+02	27.5	55
303	13	2019-06-19 22:22:30.876032+02	27.3999996	54.7999992
304	13	2019-06-19 22:22:46.03365+02	27.5	54.7999992
305	13	2019-06-19 22:23:01.542749+02	27.5	54.9000015
312	13	2019-06-19 22:45:07.731829+02	29.2999992	51.5999985
313	13	2019-06-19 22:45:37.62289+02	29.2999992	61.5999985
314	13	2019-06-19 22:47:44.370914+02	29.7999992	51.5
315	13	2019-06-19 22:47:59.693914+02	29.7000008	50
316	13	2019-06-19 22:48:14.711216+02	29.5	49.9000015
317	13	2019-06-19 22:48:59.286658+02	29.8999996	53.2999992
318	13	2019-06-19 22:49:15.125+02	30	51.7000008
319	13	2019-06-19 22:49:33.303049+02	29.7000008	50
320	13	2019-06-19 22:49:45.05166+02	29.5	50.5999985
321	13	2019-06-19 22:50:35.915233+02	29.1000004	51.2999992
322	13	2019-06-19 22:50:51.037037+02	29	50.9000015
323	13	2019-06-19 22:51:21.332707+02	29.2999992	54.9000015
324	13	2019-06-19 22:51:36.276979+02	29.2999992	51.7999992
325	13	2019-06-20 19:13:53.156892+02	28	51.7000008
326	13	2019-06-20 19:14:40.572596+02	28.6000004	55.2999992
327	13	2019-06-20 19:15:08.641018+02	29.1000004	56.5999985
328	13	2019-06-20 20:42:59.945056+02	27	54.2000008
329	13	2019-06-20 20:43:28.888806+02	27.1000004	54.7000008
330	13	2019-06-20 20:43:30.23786+02	27.1000004	54.5
331	13	2019-06-20 20:46:25.147364+02	27.1000004	54.4000015
332	13	2019-06-20 20:46:45.51973+02	27.1000004	53.5999985
333	13	2019-06-20 20:47:19.577882+02	27.1000004	53.7999992
334	13	2019-06-20 20:47:21.62136+02	27.1000004	53.5
335	13	2019-06-20 20:47:35.967646+02	27.1000004	53.5
336	13	2019-06-20 20:47:51.773651+02	27.1000004	53.7000008
337	13	2019-06-20 20:48:21.217682+02	27.1000004	53.4000015
338	13	2019-06-20 20:48:22.854109+02	27	53.5999985
339	13	2019-06-20 21:30:59.943167+02	26.5	54.7000008
340	13	2019-06-20 21:44:34.168116+02	26.3999996	54.2999992
341	13	2019-06-20 21:44:48.30946+02	26.3999996	54.0999985
342	13	2019-06-20 21:45:08.474437+02	26.5	54
343	13	2019-06-20 21:45:18.66304+02	26.5	54
344	13	2019-06-20 21:45:33.974065+02	26	53.5999985
345	13	2019-06-20 21:47:33.61462+02	26.6000004	54.2000008
346	13	2019-06-20 21:48:21.193064+02	26.5	54.0999985
347	13	2019-06-20 21:48:40.995216+02	26.5	55
348	13	2019-06-20 21:48:50.873956+02	26.5	54.0999985
349	13	2019-06-20 21:49:06.893548+02	26.5	55
350	13	2019-06-20 21:49:22.373237+02	27	54.5999985
351	13	2019-06-20 21:49:36.523238+02	26.5	54.4000015
352	13	2019-06-20 21:49:51.084237+02	26.5	54
353	13	2019-06-20 21:50:12.194688+02	26.7000008	54.0999985
354	13	2019-06-20 22:20:14.209457+02	25.8999996	55.5
368	15	2019-06-22 10:51:06.409222+02	27.2000008	32.2000008
369	15	2019-06-22 10:51:21.513032+02	27.2999992	31.7000008
370	15	2019-06-22 10:52:02.119835+02	27.7000008	31.2999992
371	15	2019-06-22 10:52:16.554493+02	27.7000008	30.5
372	15	2019-06-22 10:52:32.014092+02	27.7000008	30.2000008
373	15	2019-06-22 10:52:47.163643+02	27.7000008	30
374	15	2019-06-22 10:53:02.269991+02	27.6000004	29.8999996
375	15	2019-06-22 10:53:17.395584+02	27.6000004	29.7999992
376	15	2019-06-22 10:53:32.512169+02	27.5	29.7000008
377	15	2019-06-22 10:53:47.808656+02	27.5	29.7999992
378	15	2019-06-22 10:54:03.158344+02	27.3999996	29.6000004
379	15	2019-06-22 10:54:18.266137+02	27.2999992	29.6000004
380	15	2019-06-22 10:54:33.39683+02	27.3999996	29.7000008
381	15	2019-06-22 10:54:49.421519+02	27.2999992	29.6000004
382	15	2019-06-22 10:55:03.544687+02	27.2000008	29.7000008
383	15	2019-06-22 10:55:18.701283+02	27.2000008	29.7000008
384	15	2019-06-22 10:55:36.080949+02	27.2000008	29.7999992
385	15	2019-06-22 10:55:49.349991+02	27.1000004	29.7999992
386	15	2019-06-22 10:56:04.689818+02	27.1000004	29.7999992
387	15	2019-06-22 10:56:21.02058+02	27	29.7000008
388	15	2019-06-22 10:56:36.350923+02	26.8999996	29.7000008
389	15	2019-06-22 10:56:51.390346+02	27.1000004	30
390	15	2019-06-22 10:57:04.691172+02	26.8999996	29.7999992
391	15	2019-06-22 10:57:52.109623+02	26.7999992	29.7999992
392	15	2019-06-22 10:57:54.256516+02	26.6000004	29.6000004
393	15	2019-06-22 10:58:08.559244+02	26.2999992	29.6000004
394	15	2019-06-22 10:58:24.265019+02	26.1000004	29.7000008
395	15	2019-06-22 10:58:40.637668+02	25.7999992	29.7999992
396	15	2019-06-22 10:58:56.338247+02	25.6000004	30.2000008
397	15	2019-06-22 10:59:12.709591+02	25.5	30.7000008
398	15	2019-06-22 10:59:26.329803+02	25.2999992	31.1000004
399	15	2019-06-22 10:59:43.526644+02	25.1000004	31.3999996
400	15	2019-06-22 10:59:56.01746+02	25	32
401	15	2019-06-22 11:00:10.791339+02	24.8999996	32.5999985
402	15	2019-06-22 11:00:25.962073+02	24.7999992	33.4000015
403	15	2019-06-22 11:00:41.408699+02	24.7999992	33.9000015
404	15	2019-06-22 11:00:57.339636+02	24.7000008	34.2999992
405	15	2019-06-22 11:01:12.407861+02	24.6000004	34.7999992
406	15	2019-06-22 11:01:27.360266+02	24.6000004	35.2999992
407	15	2019-06-22 11:01:42.245812+02	24.5	35.7999992
408	15	2019-06-22 11:01:57.748549+02	24.3999996	36.2000008
409	15	2019-06-22 11:02:12.878111+02	24.3999996	36.7999992
410	15	2019-06-22 11:02:27.842673+02	24.2999992	37.4000015
411	15	2019-06-22 11:02:42.279474+02	24.2999992	38.2000008
412	15	2019-06-22 11:02:57.498658+02	24.2000008	39.2000008
413	15	2019-06-22 11:03:13.493447+02	24.2999992	40
414	15	2019-06-22 11:03:28.647924+02	24.2000008	40.2000008
415	15	2019-06-22 11:03:43.752545+02	24.2000008	40.4000015
416	15	2019-06-22 11:03:57.905532+02	24.1000004	40.4000015
417	15	2019-06-22 11:04:13.92465+02	24.1000004	40.2999992
418	15	2019-06-22 11:04:29.44901+02	24.1000004	40.4000015
419	15	2019-06-22 11:04:46.309237+02	24.1000004	40.5
420	15	2019-06-22 11:04:58.847009+02	24	40.9000015
421	15	2019-06-22 11:05:14.206302+02	24.1000004	41
422	15	2019-06-22 11:05:30.032854+02	24.2000008	41
423	15	2019-06-22 11:05:45.033231+02	24.2000008	41.2000008
424	15	2019-06-22 11:06:00.852925+02	24.2000008	41.5
425	15	2019-06-22 11:06:15.184398+02	24.2000008	42.0999985
426	15	2019-06-22 11:06:54.559171+02	24.2000008	42.7999992
427	15	2019-06-22 11:07:05.13904+02	24.2000008	42.7999992
428	15	2019-06-22 11:07:43.83557+02	24.2000008	42.5999985
429	15	2019-06-22 11:07:53.152773+02	24.2000008	42.5
430	15	2019-06-22 11:08:09.195185+02	24.2000008	42.4000015
431	15	2019-06-22 11:08:22.573631+02	24.2000008	42.4000015
432	15	2019-06-22 11:08:40.215678+02	24.2000008	42.2999992
433	15	2019-06-22 11:08:59.783311+02	24.2000008	42.2999992
434	15	2019-06-22 11:09:08.935256+02	24.6000004	42.5999985
435	15	2019-06-22 11:09:24.129936+02	24.7999992	42.5999985
436	15	2019-06-22 11:09:38.279704+02	24.7000008	42.5999985
437	15	2019-06-22 11:10:42.151391+02	24.7999992	43.2999992
438	15	2019-06-22 11:10:46.2695+02	24.7000008	42.7000008
439	15	2019-06-22 11:11:09.230177+02	24.6000004	42.0999985
440	15	2019-06-22 11:11:41.49966+02	24.7000008	42
441	15	2019-06-22 11:11:43.502985+02	24.6000004	41.9000015
442	15	2019-06-22 11:11:58.80924+02	24.6000004	41.5999985
443	15	2019-06-22 11:12:14.396217+02	24.6000004	41.9000015
444	15	2019-06-22 11:12:29.55132+02	24.6000004	42.4000015
445	15	2019-06-22 11:12:44.681172+02	24.6000004	43.2000008
446	15	2019-06-22 11:12:59.791036+02	24.6000004	43.5999985
447	15	2019-06-22 11:13:15.192439+02	24.6000004	44
448	15	2019-06-22 11:13:30.515198+02	24.6000004	44.2000008
449	15	2019-06-22 11:13:45.137002+02	24.7000008	43.7000008
450	15	2019-06-22 11:14:00.614947+02	24.7000008	43.2999992
451	15	2019-06-22 11:14:15.830911+02	24.7999992	43.0999985
452	15	2019-06-22 11:14:31.112751+02	24.7999992	43.0999985
453	15	2019-06-22 11:14:46.104897+02	24.7999992	42.7999992
454	6	2019-06-25 23:56:36.445161+02	25.8999996	59.4000015
455	6	2019-06-25 23:57:21.97448+02	25.7999992	60.2000008
456	6	2019-06-25 23:58:01.121919+02	26.2000008	60.5
457	6	2019-06-25 23:58:08.353997+02	26.5	60.0999985
458	6	2019-06-25 23:59:45.564816+02	26.6000004	60.2000008
459	4	2019-06-26 09:18:29.468804+02	28.3999996	54.7000008
460	4	2019-06-26 09:18:31.112183+02	28.3999996	54.7000008
461	4	2019-06-26 09:39:19.31098+02	25.7999992	48.5999985
462	4	2019-06-26 09:39:34.543926+02	25.7999992	44.5999985
463	4	2019-06-26 09:39:49.783303+02	25.7000008	47
464	4	2019-06-26 09:40:05.063939+02	25.7000008	47
465	4	2019-06-26 09:40:20.056111+02	25.7000008	44.2000008
466	4	2019-06-26 09:40:34.808702+02	25.7999992	42.2000008
467	4	2019-06-26 09:40:49.722871+02	25.7999992	40.5
468	4	2019-06-26 09:41:07.561807+02	25.7999992	40.0999985
469	4	2019-06-26 09:41:56.500568+02	25.8999996	38.5
470	4	2019-06-26 09:41:57.637219+02	25.8999996	37.5
471	4	2019-06-26 09:42:13.525356+02	25.7000008	36.0999985
472	4	2019-06-26 09:42:27.252368+02	25.6000004	35.9000015
473	4	2019-06-26 09:42:51.419723+02	25.5	36.7000008
474	4	2019-06-26 09:42:57.924331+02	25.5	37.5
475	4	2019-06-26 09:43:13.277495+02	25.3999996	37.5
476	4	2019-06-26 09:43:28.515987+02	25.2999992	37.5
477	4	2019-06-26 09:43:44.587045+02	25.2000008	36.7999992
478	4	2019-06-26 09:43:59.35443+02	25.1000004	37.0999985
479	4	2019-06-26 09:44:56.905753+02	24.8999996	38.5999985
480	4	2019-06-26 09:45:06.602353+02	24.7999992	39
481	4	2019-06-26 09:45:23.046459+02	24.7999992	38.5999985
482	4	2019-06-26 09:45:37.451894+02	24.7999992	38.9000015
483	4	2019-06-26 09:45:52.687392+02	24.7999992	39.0999985
484	4	2019-06-26 09:46:32.682612+02	24.7999992	39.2000008
485	4	2019-06-26 09:46:41.156597+02	24.7000008	39.4000015
486	4	2019-06-26 09:47:11.899089+02	24.7000008	39.2999992
487	4	2019-06-26 09:47:13.282374+02	24.7000008	39.2999992
488	4	2019-06-26 09:47:27.512455+02	24.6000004	39.0999985
489	4	2019-06-26 09:47:42.978315+02	24.5	39.2000008
490	4	2019-06-26 09:47:58.188507+02	24.3999996	39.2999992
491	4	2019-06-26 09:48:13.307514+02	24.2999992	39.9000015
492	4	2019-06-26 09:48:28.897385+02	24.2999992	40.7000008
493	4	2019-06-26 09:48:43.455209+02	24.2000008	40.5999985
494	4	2019-06-26 09:48:58.590733+02	24.2000008	41.9000015
495	4	2019-06-26 09:49:13.928454+02	24.2000008	42
496	4	2019-06-26 09:49:29.680138+02	24.2000008	43
497	4	2019-06-26 09:49:47.162186+02	24.2999992	44.7000008
498	4	2019-06-26 09:49:59.419853+02	24.6000004	44.2000008
499	4	2019-06-26 10:01:44.659206+02	27.2000008	44.5999985
500	4	2019-06-26 10:02:02.055802+02	27.2999992	42.9000015
501	4	2019-06-26 10:02:14.338937+02	27.5	40.4000015
502	4	2019-06-26 10:02:31.189524+02	27.5	37.2000008
503	4	2019-06-26 10:02:46.4174+02	27.5	35.0999985
504	4	2019-06-26 10:03:00.043066+02	27.3999996	34
505	4	2019-06-26 10:03:16.2544+02	27.2999992	33.5
506	4	2019-06-26 10:03:30.747935+02	27.2999992	33.5
507	4	2019-06-26 10:03:46.105168+02	27.2999992	33
508	4	2019-06-26 10:04:02.665699+02	27.2999992	33.5999985
509	4	2019-06-26 10:04:17.608743+02	27.2999992	32.7000008
510	4	2019-06-26 10:04:32.255685+02	27.2000008	33.4000015
511	4	2019-06-26 10:04:46.968986+02	27.2000008	34.2000008
512	4	2019-06-26 10:05:02.284269+02	27.2000008	33
513	4	2019-06-26 10:05:18.322716+02	27.2000008	32.2000008
514	4	2019-06-26 10:05:32.86406+02	27.1000004	32.4000015
515	4	2019-06-26 10:05:48.059208+02	27.1000004	32.5
516	4	2019-06-26 10:06:03.995642+02	27.2000008	32.0999985
517	4	2019-06-26 10:06:18.711439+02	27.2000008	32.2000008
518	4	2019-06-26 10:06:35.828268+02	27.2000008	32.2000008
519	4	2019-06-26 10:06:49.447158+02	27.2999992	32.7000008
520	4	2019-06-26 10:07:06.839462+02	27.2999992	33.2000008
521	4	2019-06-26 10:07:20.287129+02	27.3999996	33.4000015
522	4	2019-06-26 10:07:46.637796+02	27.5	33.0999985
523	4	2019-06-26 10:07:56.039841+02	27.5	34.7000008
524	4	2019-06-26 10:08:06.623253+02	27.3999996	35.4000015
525	4	2019-06-26 10:08:41.023331+02	27.2999992	34.4000015
526	4	2019-06-26 10:08:43.545382+02	27.2999992	34.4000015
527	4	2019-06-26 10:08:57.336193+02	27.1000004	33.2999992
528	4	2019-06-26 10:09:12.507466+02	27.1000004	33.2999992
529	4	2019-06-26 10:09:27.044281+02	26.8999996	33.5999985
530	4	2019-06-26 10:09:42.186599+02	26.7999992	33.9000015
531	4	2019-06-26 10:09:57.428051+02	26.6000004	34.5
532	4	2019-06-26 10:10:12.707333+02	26.3999996	34.7999992
533	4	2019-06-26 10:10:27.908861+02	26.2000008	35.0999985
534	4	2019-06-26 10:10:43.245077+02	26.1000004	35.4000015
535	4	2019-06-26 10:10:58.652112+02	25.8999996	35.5
536	4	2019-06-26 10:11:19.907909+02	25.7999992	35.7999992
537	4	2019-06-26 10:11:29.47909+02	25.7000008	35.9000015
538	4	2019-06-26 10:11:47.633365+02	25.6000004	36.2000008
539	4	2019-06-26 10:12:00.268438+02	25.5	36.2999992
540	4	2019-06-26 10:12:14.482017+02	25.5	36.2999992
541	4	2019-06-26 10:12:29.628429+02	25.5	36.7000008
542	4	2019-06-26 10:13:30.270768+02	25.5	37.2000008
543	4	2019-06-26 10:13:31.836453+02	25.5	37.2000008
544	4	2019-06-26 10:13:47.707699+02	25.2000008	37.2999992
545	4	2019-06-26 10:14:04.312704+02	25.2000008	37.5
546	4	2019-06-26 10:14:16.452531+02	25.1000004	37.7999992
547	4	2019-06-26 10:14:31.586708+02	25	38.2000008
548	4	2019-06-26 10:14:52.368994+02	25	39.2999992
549	4	2019-06-26 10:15:02.543515+02	25	39.5999985
550	4	2019-06-26 10:15:16.806182+02	25	39.7999992
551	4	2019-06-26 10:15:32.017078+02	25	39.7999992
552	4	2019-06-26 10:15:47.220449+02	25	39.7000008
553	4	2019-06-26 10:16:02.349468+02	25	39.5999985
554	4	2019-06-26 10:16:17.537366+02	25	39.5
555	4	2019-06-26 10:16:33.561411+02	25.1000004	39.2999992
556	4	2019-06-26 10:16:48.549411+02	25.1000004	38.7999992
557	4	2019-06-26 10:17:05.828792+02	25.2000008	38.7999992
558	4	2019-06-26 10:17:18.735273+02	25.2000008	38.7000008
559	4	2019-06-26 10:17:33.900326+02	25.2000008	38.5999985
560	4	2019-06-26 10:17:48.055016+02	25.2999992	38.7000008
561	4	2019-06-26 10:18:03.228115+02	25.2999992	38.7000008
562	4	2019-06-26 10:18:18.699118+02	25.2999992	38.5
563	4	2019-06-26 10:18:34.372929+02	25.2999992	38
564	4	2019-06-26 10:18:48.845469+02	25.2999992	37.9000015
565	4	2019-06-26 10:19:04.514158+02	25.2999992	38
566	4	2019-06-26 10:19:19.326772+02	25.2999992	37.5999985
567	4	2019-06-26 10:19:34.033724+02	25.2999992	37.7000008
568	4	2019-06-26 10:19:49.962685+02	25.2999992	37
569	4	2019-06-26 10:20:04.76904+02	25.3999996	36.5999985
570	4	2019-06-26 10:20:22.867858+02	25.2999992	35.7999992
571	4	2019-06-26 10:20:35.214924+02	25.2999992	35.2999992
572	4	2019-06-26 10:21:12.02285+02	25.2999992	35.4000015
573	4	2019-06-26 10:21:24.827556+02	25.2999992	34.2000008
574	4	2019-06-26 10:21:39.499205+02	25.2999992	34.0999985
575	4	2019-06-26 10:21:55.197817+02	25.2999992	33.9000015
576	4	2019-06-26 10:22:10.054926+02	25.2999992	33.2999992
577	4	2019-06-26 10:22:25.221518+02	25.2000008	33.2000008
578	4	2019-06-26 10:22:41.092716+02	25.2000008	32.7999992
579	4	2019-06-26 10:22:55.444879+02	25.2000008	32.5999985
580	4	2019-06-26 10:23:10.573122+02	25.1000004	32.5999985
581	4	2019-06-26 10:23:27.670982+02	25.2000008	32.5999985
582	4	2019-06-26 10:23:39.797347+02	25.1000004	32.2000008
583	4	2019-06-26 10:23:55.168377+02	25.1000004	31.8999996
584	4	2019-06-26 10:24:10.818906+02	25.1000004	32
585	4	2019-06-26 10:24:25.339121+02	25	31.8999996
586	4	2019-06-26 10:24:40.48364+02	25	32.4000015
587	4	2019-06-26 10:24:55.85674+02	25.1000004	33.2999992
588	4	2019-06-26 10:25:10.98061+02	25.2999992	33.5
589	4	2019-06-26 10:25:26.395052+02	25.7000008	33.5
590	4	2019-06-26 10:25:41.712479+02	25.8999996	32.7000008
591	4	2019-06-26 10:25:56.904526+02	26.3999996	38.0999985
592	4	2019-06-26 10:26:12.440983+02	26.3999996	38.2999992
593	4	2019-06-26 10:26:28.04784+02	26.3999996	38.7000008
594	4	2019-06-26 10:26:42.60219+02	26.3999996	37.4000015
595	4	2019-06-26 10:26:57.7242+02	26.3999996	37.0999985
596	4	2019-06-26 10:27:13.267773+02	26.5	39
597	4	2019-06-26 10:27:28.879118+02	26.5	39.5999985
598	4	2019-06-26 10:27:43.632752+02	26.7000008	41
599	4	2019-06-26 10:27:58.938979+02	26.8999996	40.5999985
600	4	2019-06-26 10:28:15.101629+02	27.2000008	41.2000008
601	4	2019-06-26 10:28:29.294913+02	27.5	40.9000015
602	4	2019-06-26 10:28:44.850112+02	27.6000004	37
603	4	2019-06-26 10:29:00.343746+02	27.2000008	35.4000015
604	4	2019-06-26 10:29:15.483876+02	27.2000008	36.5
605	4	2019-06-26 10:29:30.706248+02	27.1000004	36.2999992
606	4	2019-06-26 10:29:47.161617+02	27	36.7000008
607	4	2019-06-26 10:30:01.055943+02	27	36.4000015
608	4	2019-06-26 10:30:16.881948+02	26.6000004	35.5999985
609	4	2019-06-26 10:30:31.359883+02	25.7000008	36.2999992
610	4	2019-06-26 10:30:47.563598+02	24.5	36.2000008
611	4	2019-06-26 10:31:02.912705+02	23.5	36.0999985
612	4	2019-06-26 10:31:18.730585+02	23.2000008	38.9000015
613	4	2019-06-26 10:31:32.43734+02	22.5	42.2000008
614	4	2019-06-26 10:31:48.143944+02	22.2000008	43.2000008
615	4	2019-06-26 10:32:04.892597+02	22.2999992	43.5
616	4	2019-06-26 10:32:18.261085+02	22.3999996	45.7000008
617	4	2019-06-26 10:32:34.399077+02	22.5	46.2000008
618	4	2019-06-26 10:32:49.142581+02	22.6000004	46.0999985
619	4	2019-06-26 10:33:04.675275+02	22.7999992	46
620	4	2019-06-26 10:33:19.878765+02	22.7999992	45.4000015
621	4	2019-06-26 10:33:34.868534+02	22.8999996	45.2000008
622	4	2019-06-26 10:33:50.782066+02	23	45
623	4	2019-06-26 10:34:04.23344+02	23.1000004	44.7000008
624	4	2019-06-26 10:34:19.506154+02	23.2000008	44.0999985
625	4	2019-06-26 10:34:35.643197+02	23.2999992	43.4000015
626	4	2019-06-26 10:35:01.069975+02	23.2999992	42.7000008
627	4	2019-06-26 10:35:05.367595+02	23.2999992	42.2999992
628	4	2019-06-26 10:35:21.539038+02	23.3999996	42
629	4	2019-06-26 10:35:36.037929+02	23.3999996	41.7000008
630	4	2019-06-26 10:35:55.314465+02	23.5	42.0999985
631	4	2019-06-26 10:36:06.357771+02	23.6000004	41.4000015
632	4	2019-06-26 10:36:21.12195+02	23.6000004	40.4000015
633	4	2019-06-26 10:36:50.639894+02	23.6000004	40.0999985
634	4	2019-06-26 10:36:51.851665+02	23.6000004	40.0999985
635	4	2019-06-26 10:37:08.774245+02	23.7000008	39.7000008
636	4	2019-06-26 10:37:21.372156+02	23.7000008	39.0999985
637	4	2019-06-26 10:37:36.911875+02	23.7000008	38.7999992
638	4	2019-06-26 10:37:51.482707+02	23.7000008	38.7000008
639	4	2019-06-26 10:38:07.495101+02	23.7000008	38.5999985
640	4	2019-06-26 10:38:22.146361+02	23.7000008	38.7999992
641	4	2019-06-26 10:38:36.925248+02	23.7999992	39.2000008
642	4	2019-06-26 10:38:53.289252+02	23.7999992	39.5999985
643	4	2019-06-26 10:39:07.653029+02	23.7999992	39.4000015
644	4	2019-06-26 10:39:23.000891+02	23.7999992	39
645	4	2019-06-26 10:39:38.368996+02	23.8999996	38.7999992
646	4	2019-06-26 10:39:54.934413+02	23.7999992	39.4000015
647	4	2019-06-26 10:40:09.089529+02	23.8999996	39.2000008
648	4	2019-06-26 11:19:38.866965+02	25.3999996	40.2999992
649	4	2019-06-26 11:19:52.945887+02	25.3999996	40.2999992
650	4	2019-06-26 11:20:08.780962+02	25.5	40.2000008
651	4	2019-06-26 11:20:24.555178+02	25.3999996	40.2000008
652	4	2019-06-26 11:20:39.532529+02	25.5	40.2000008
653	4	2019-06-26 11:20:53.728398+02	25.6000004	40.0999985
654	4	2019-06-26 11:21:09.181591+02	25.6000004	40
655	4	2019-06-26 11:21:24.477379+02	25.7000008	39.9000015
656	4	2019-06-26 11:21:39.83017+02	25.7999992	39.7000008
657	4	2019-06-26 11:21:55.326136+02	25.7999992	39.5999985
658	4	2019-06-26 11:22:11.354647+02	25.8999996	39.7999992
659	4	2019-06-26 11:22:25.617195+02	25.8999996	40
660	4	2019-06-26 11:22:40.772146+02	26	39.9000015
661	4	2019-06-26 11:22:55.929332+02	26.1000004	39.7999992
662	4	2019-06-26 11:23:11.293254+02	26.1000004	39.7999992
663	4	2019-06-26 11:23:26.462908+02	26.1000004	39.7000008
664	4	2019-06-26 11:23:44.675445+02	26.2000008	39.5
665	4	2019-06-26 11:23:58.975638+02	26.2000008	39.5
666	4	2019-06-26 11:24:12.825772+02	26.2000008	40
667	4	2019-06-26 11:24:27.492742+02	26.2000008	40.4000015
668	4	2019-06-26 11:24:42.998445+02	26.2000008	40.7999992
669	4	2019-06-26 11:24:58.281921+02	26.2999992	42.4000015
670	4	2019-06-26 11:25:15.216506+02	26.2999992	43.2999992
671	4	2019-06-26 11:25:47.689391+02	26.2999992	42.9000015
672	4	2019-06-26 11:25:49.667604+02	26.2999992	42.9000015
673	4	2019-06-26 11:26:04.067594+02	26.7000008	41.5999985
674	4	2019-06-26 11:26:19.644083+02	26.5	41.2000008
675	4	2019-06-26 11:26:34.236718+02	26.6000004	41.0999985
676	4	2019-06-26 11:26:49.402732+02	26.6000004	41.2999992
677	4	2019-06-26 11:27:04.586052+02	26.6000004	40.7999992
678	4	2019-06-26 11:27:19.777115+02	26.5	40.0999985
679	4	2019-06-26 11:27:35.048174+02	26.3999996	40.0999985
680	4	2019-06-26 11:27:50.372577+02	26.5	48.5
681	4	2019-06-26 11:28:05.502524+02	26.6000004	50.2000008
682	4	2019-06-26 11:28:36.502807+02	26.7999992	54.4000015
683	4	2019-06-26 11:28:37.720722+02	26.7999992	54.5999985
684	4	2019-06-26 11:28:52.890534+02	27.1000004	55.9000015
685	4	2019-06-26 11:29:07.210148+02	27.2000008	53.7999992
686	4	2019-06-26 11:29:26.498915+02	27.5	55.2000008
687	4	2019-06-26 11:29:37.96009+02	27.7000008	56.5
688	4	2019-06-26 11:29:53.702874+02	27.5	55.9000015
689	4	2019-06-26 11:30:08.814684+02	27.3999996	56.9000015
690	4	2019-06-26 11:30:24.255187+02	27.2999992	56.4000015
691	6	2019-06-28 21:08:51.156762+02	26.6000004	60.2000008
692	6	2019-06-28 21:46:21.232905+02	26.6000004	60.2000008
\.


--
-- TOC entry 2890 (class 0 OID 16415)
-- Dependencies: 201
-- Data for Name: TEMPF_HUMID_DATA; Type: TABLE DATA; Schema: public; Owner: postgres
--

COPY public."TEMPF_HUMID_DATA" (index, "sensorID", "timestamp", temperature, humidity) FROM stdin;
\.


--
-- TOC entry 2904 (class 0 OID 0)
-- Dependencies: 203
-- Name: GPS_DATA_index_seq; Type: SEQUENCE SET; Schema: public; Owner: postgres
--

SELECT pg_catalog.setval('public."GPS_DATA_index_seq"', 675, true);


--
-- TOC entry 2905 (class 0 OID 0)
-- Dependencies: 200
-- Name: TEMPC_HUMID_DATA_index_seq; Type: SEQUENCE SET; Schema: public; Owner: postgres
--

SELECT pg_catalog.setval('public."TEMPC_HUMID_DATA_index_seq"', 692, true);


--
-- TOC entry 2906 (class 0 OID 0)
-- Dependencies: 202
-- Name: TEMPF_HUMID_DATA_index_seq; Type: SEQUENCE SET; Schema: public; Owner: postgres
--

SELECT pg_catalog.setval('public."TEMPF_HUMID_DATA_index_seq"', 1, false);


--
-- TOC entry 2763 (class 2606 OID 16440)
-- Name: GPS_DATA GPS_DATA_pkey; Type: CONSTRAINT; Schema: public; Owner: postgres
--

ALTER TABLE ONLY public."GPS_DATA"
    ADD CONSTRAINT "GPS_DATA_pkey" PRIMARY KEY (index);


--
-- TOC entry 2755 (class 2606 OID 16426)
-- Name: NODES NODES_pkey; Type: CONSTRAINT; Schema: public; Owner: postgres
--

ALTER TABLE ONLY public."NODES"
    ADD CONSTRAINT "NODES_pkey" PRIMARY KEY ("nodeID");


--
-- TOC entry 2757 (class 2606 OID 16428)
-- Name: SENSORS SENSORS_pkey; Type: CONSTRAINT; Schema: public; Owner: postgres
--

ALTER TABLE ONLY public."SENSORS"
    ADD CONSTRAINT "SENSORS_pkey" PRIMARY KEY ("sensorID");


--
-- TOC entry 2759 (class 2606 OID 16430)
-- Name: TEMPC_HUMID_DATA TEMPC_HUMID_DATA_pkey; Type: CONSTRAINT; Schema: public; Owner: postgres
--

ALTER TABLE ONLY public."TEMPC_HUMID_DATA"
    ADD CONSTRAINT "TEMPC_HUMID_DATA_pkey" PRIMARY KEY (index);


--
-- TOC entry 2761 (class 2606 OID 16432)
-- Name: TEMPF_HUMID_DATA TEMPF_HUMID_DATA_pkey; Type: CONSTRAINT; Schema: public; Owner: postgres
--

ALTER TABLE ONLY public."TEMPF_HUMID_DATA"
    ADD CONSTRAINT "TEMPF_HUMID_DATA_pkey" PRIMARY KEY (index);


-- Completed on 2019-06-28 21:15:21 UTC

--
-- PostgreSQL database dump complete
--

\connect postgres

--
-- PostgreSQL database dump
--

-- Dumped from database version 10.9 (Debian 10.9-1.pgdg90+1)
-- Dumped by pg_dump version 11.3

-- Started on 2019-06-28 21:15:21 UTC

SET statement_timeout = 0;
SET lock_timeout = 0;
SET idle_in_transaction_session_timeout = 0;
SET client_encoding = 'UTF8';
SET standard_conforming_strings = on;
SELECT pg_catalog.set_config('search_path', '', false);
SET check_function_bodies = false;
SET xmloption = content;
SET client_min_messages = warning;
SET row_security = off;

-- Completed on 2019-06-28 21:15:21 UTC

--
-- PostgreSQL database dump complete
--

-- Completed on 2019-06-28 21:15:21 UTC

--
-- PostgreSQL database cluster dump complete
--

